year,t,revenue,rev_growth,ebit_margin,ebit,nopat,da,capex,dnwc,fcff,ebitda
2026,1,34664740000.0,0.045,0.183,6343647420.0,4884608513.400001,1005277460.0,901283240.0,173323700.0,4815279033.400001,7348924880.0
2027,2,36224653300.0,0.045,0.184,6665336207.2,5132308879.544,1050514945.7,941840985.8,181123266.5,5059859572.943999,7715851152.9
2028,3,37673639432.0,0.04,0.185,6969623294.92,5366609937.0884,1092535543.528,979514625.232,188368197.16,5291262658.2244,8062158838.448
2029,4,39105237730.416,0.038,0.186,7273574217.857376,5600652147.750179,1134051894.182064,1016736180.990816,195526188.65208,5522441672.289348,8407626112.03944
2030,5,40473921050.98056,0.035,0.187,7568623236.533364,5827839892.130691,1173743710.4784362,1052321947.3254945,202369605.2549028,5746892050.028729,8742366947.0118
